"host","latitude","longitude"
"LOJA_ANA_SDWAN_SEAL","-23.561308631614","-46.559561067798"
"LOJA_ARI_SDWAN_SEAL","-23.565845167918","-46.503298986836"
"LOJA_BAT_SDWAN_SEAL","-25.442764776591","-49.28979406405"
"LOJA_BEL_SDWAN_SEAL","-19.974377312595","-43.943342232944"
"LOJA_BOB_SDWAN_SEAL","-23.526014960286","-46.680788404026"
"LOJA_CGD_SDWAN_SEAL","-20.458757447469","-54.587229542732"
"LOJA_CAM_SDWAN_SEAL","-22.892464871054","-47.026505856169"
"LOJA_BRG_SDWAN_SEAL","-25.435494244395","-49.317365594178"
"LOJA_BUB_SDWAN_SEAL","-1.4455851172277","-48.488787482881"
"LOJA_BOT_SDWAN_SEAL","-22.947336041958","-43.181907183155"
"LOJA_BRV_SDWAN_SEAL","-17.818471813001","-50.943274415799"
"LOJA_CAX_SDWAN_SEAL","-29.175810052098","-51.219826403868"
"LOJA_CFO_SDWAN_SEAL","-8.0369170166770","-34.912479419632"
"LOJA_CID_SDWAN_SEAL","-23.598740562911","-46.696905825699"
"LOJA_CIP_SDWAN_SEAL","-23.563384299394","-46.652097117519"
"LOJA_APO_SDWAN_SEAL","-16.324060450576","-48.948612180888"
"LOJA_BUT_SDWAN_SEAL","-23.584268942492","-46.724279566180"
"LOJA_ACJ_SDWAN_SEAL","-10.943088315602","-37.059147087071"
"LOJA_ACR_SDWAN_SEAL","-9.9858766653175","-67.84721031166"
"LOJA_CCV_SDWAN_SEAL","-24.950400227044","-53.476470977001"
"LOJA_BSB_SDWAN_SEAL","-15.733552301506","-47.898881780899"
"LOJA_ASR_SDWAN_SEAL","-23.011297102699","-43.460561229179"
"LOJA_CNT_SDWAN_SEAL","-23.515775322803","-46.616916069647"
"LOJA_BRI_SDWAN_SEAL","-15.720748062319","-47.885106712142"
"LOJA_ARA_SDWAN_SEAL","-10.944468746929","-37.046802727553"
"LOJA_CBU_SDWAN_SEAL","-26.992210374265","-48.646355322970"
"LOJA_CGS_SDWAN_SEAL","-7.2346868980873","-35.869145621487"
"LOJA_BEM_SDWAN_SEAL","-1.4576500166215","-48.493859869946"
"LOJA_CAR_SDWAN_SEAL","-8.2945458098516","-35.951259107984"
"LOJA_AMG_SDWAN_SEAL","-0.0085365539624","-51.079956142960"
"LOJA_CAD_SDWAN_SEAL","-10.182758671824","-48.347547033105"
"LOJA_BAR_SDWAN_YSSY","-22.997441004446","-43.357633277051"
"LOJA_BLU_SDWAN_YSSY","-26.919695418675","-49.068653609478"
"LOJA_ARP_SDWAN_SEAL","-9.7335673001638","-36.654510848451"
"LOJA_BAU_SDWAN_YSSY","-22.316285874503","-49.065589115702"
"LOJA_BTI_SDWAN_YSSY","-16.596849534242","-48.562663543263"
"LOJA_AME_SDWAN_YSSY","-22.877636536491","-43.270070597210"
"LOJA_BOU_SDWAN_YSSY","-16.695340052768","-49.264998650199"
"LOJA_BSG_SDWAN_SEAL","-22.811157574988","-45.197859640270"
"LOJA_BAS_UPLINK_YSSY","-30.084493288114","-51.245173215486"
"LOJA_BRA_SDWAN_YSSY","-15.791167421660","-47.882770307885"
"LOJA_BOS_SDWAN_YSSY","-20.397423978484","-54.558448548277"
"LOJA_CAT_SDWAN_YSSY","-25.532523418436","-54.574287743166"
"LOJA_BBH_SDWAN_YSSY","-19.920540665109","-43.919591590616"
"LOJA_CBH_SDWAN_YSSY","-19.921767597939","-43.939731804254"
"LOJA_CLI_SDWAN_SEAL","-23.650340768909","-46.756774836554"
"LOJA_CAF_SDWAN_YSSY","-25.568585267615","-54.557271967746"
"LOJA_CHA_SDWAN_YSSY","-27.069834259840","-52.625319296539"
"LOJA_ARO_SDWAN_SEAL","-23.328800592874","-51.176998825475"
"LOJA_MOR_SDWAN_SEAL","-23.623155353778","-46.698277304024"
"LOJA_GRA_SDWAN_SEAL","-23.591881672453","-46.831372068357"
"LOJA_HIG_SDWAN_SEAL","-23.542237133981","-46.657224775190"
"LOJA_IGA_SDWAN_SEAL","-23.504494808297","-46.847900863545"
"LOJA_IRI_SDWAN_SEAL","-21.225731064470","-47.833673354361"
"LOJA_ISO_SDWAN_SEAL","-23.533484122205","-47.462821131013"
"LOJA_JKI_SDWAN_SEAL","-23.591280832185","-46.688477999040"
"LOJA_JOC_SDWAN_SEAL","-25.427558866303","-49.213951519877"
"LOJA_JOG_SDWAN_SEAL","-26.253691257390","-48.852555332789"
"LOJA_JOI_SDWAN_SEAL","-26.303439761428","-48.847897015598"
"LOJA_IBI_SDWAN_SEAL","-23.610079625394","-46.665688637114"
"LOJA_FOR_SDWAN_SEAL","-3.7558653977609","-38.489023038697"
"LOJA_FLO_SDWAN_SEAL","-27.584747537511","-48.544444817409"
"LOJA_ELD_SDWAN_SEAL","-23.572360240293","-46.695503448202"
"LOJA_DOM_SDWAN_SEAL","-22.847358650806","-47.062471502195"
"LOJA_JSU_SDWAN_SEAL","-23.630297769568","-46.734897210126"
"LOJA_LEB_SDWAN_SEAL","-22.982312343468","-43.216181829179"
"LOJA_CUR_SDWAN_SEAL","-25.423330009433","-49.269989869038"
"LOJA_MOG_SDWAN_SEAL","-23.515653187261","-46.179374123063"
"LOJA_GUM_SDWAN_SEAL","-23.443415001269","-46.538552354308"
"LOJA_ITG_SDWAN_SEAL","-27.585105247189","-48.613673134599"
"LOJA_JUA_SDWAN_SEAL","-7.2231861248240","-39.323835842931"
"LOJA_MCE_SDWAN_SEAL","-22.392688904041","-41.806374053774"
"LOJA_CON_SDWAN_SEAL","-27.614812496526","-48.645568611865"
"LOJA_FRA_SDWAN_SEAL","-20.547378855281","-47.416745953817"
"LOJA_GTT_SDWAN_SEAL","-23.424326809545","-46.475621588127"
"LOJA_JAS_SDWAN_SEAL","-26.479551937225","-49.084188337038"
"LOJA_ITQ_SDWAN_SEAL","-23.540424375359","-46.469870727318"
"LOJA_MRB_SDWAN_SEAL","-5.3568919469545","-49.086094209854"
"LOJA_EBH_SDWAN_SEAL","-19.820472516549","-43.945241777684"
"LOJA_IMP_SDWAN_SEAL","-5.5288432371021","-47.46957788342"
"LOJA_MOI_SDWAN_SEAL","-30.023118711004","-51.200628476854"
"LOJA_CPO_SDWAN_SEAL","-21.754291938425","-41.348246215715"
"LOJA_IPO_SDWAN_SEAL","-19.946734858913","-44.022155496159"
"LOJA_CTB_SDWAN_SEAL","-25.440776231656","-49.276866348153"
"LOJA_FLS_SDWAN_SEAL","-27.553739725651","-48.497981532752"
"LOJA_JAC_SDWAN_SEAL","-22.955810362618","-43.335179132014"
"LOJA_DIA_SDWAN_SEAL","-19.927753112352","-43.946932031536"
"LOJA_MOS_SDWAN_SEAL","-5.1716495064837","-37.375607296920"
"LOJA_LON_SDWAN_SEAL","-23.342468470456","-51.185354555598"
"LOJA_JOP_SDWAN_SEAL","-7.0986669075997","-34.844513563817"
"LOJA_GES_SDWAN_SEAL","-8.1681128719941","-34.918652004289"
"LOJA_INT_SDWAN_SEAL","-23.674536238371","-46.676997202174"
"LOJA_DEO_SDWAN_SEAL","-3.7360409936576","-38.496416681026"
"LOJA_DFP_SDWAN_SEAL","-15.831542334975","-48.040959165556"
"LOJA_MAN_SDWAN_SEAL","-3.0939541725448","-60.022040144802"
"LOJA_MAR_SDWAN_SEAL","-3.1035746741907","-60.012932388979"
"LOJA_CRC_SDWAN_SEAL","-22.849810488982","-43.310374873360"
"LOJA_ITU_SDWAN_SEAL","-23.263822104913","-47.279972186843"
"LOJA_ESP_SDWAN_SEAL","-20.341934685272","-40.288428932936"
"LOJA_HTO_SDWAN_SEAL","-23.565668201786","-46.649567387395"
"LOJA_GUA_SDWAN_SEAL","-23.488050759841","-46.548721634710"
"LOJA_MKP_SDWAN_SEAL","-23.621381340646","-46.699030498480"
"LOJA_GAL_SDWAN_SEAL","-22.863268289188","-47.022980538421"
"LOJA_GOL_SDWAN_SEAL","-23.683374000129","-46.556754317516"
"LOJA_ITJ_SDWAN_SEAL","-26.904045195050","-48.659599909478"
"LOJA_MUJ_SDWAN_SEAL","-23.198989291349","-46.889999994236"
"LOJA_GAV_SDWAN_SEAL","-22.975325590779","-43.227878092394"
"LOJA_FCS_SDWAN_SEAL","-23.553890619558","-46.652138861696"
"LOJA_NAT_SDWAN_YSSY","-5.8111159149773","-35.20580577916"
"LOJA_IGU_SDWAN_YSSY","-23.576838080893","-46.687847880733"
"LOJA_ILP_SDWAN_YSSY","-22.801807023600","-43.201273534727"
"LOJA_GEM_SDWAN_YSSY","-19.880334082066","-44.03781300780"
"LOJA_MET_SDWAN_YSSY","-23.692708984254","-46.549906292376"
"LOJA_FDS_SDWAN_YSSY","-12.241327963533","-38.947938973561"
"LOJA_MGP_SDWAN_YSSY","-23.422174238489","-51.932549280736"
"LOJA_GAR_SDWAN_YSSY","-19.955204648114","-44.160086790447"
"LOJA_COL_SDWAN_YSSY","-23.203618981431","-45.908184504034"
"LOJA_MIS_SDWAN_YSSY","-19.872949681863","-43.924594866316"
"LOJA_MAB_SDWAN_YSSY","-7.1625013710568","-34.83022145032"
"LOJA_MAL_SDWAN_YSSY","-20.240032286091","-40.274437178963"
"LOJA_IND_SDWAN_YSSY","-21.780767947815","-43.359256875792"
"LOJA_ETC_SDWAN_YSSY","-15.589986170997","-56.120113346523"
"LOJA_DER_SDWAN_YSSY","-19.890424427050","-43.967926857526"
"LOJA_MAC_SDWAN_YSSY","-9.6485498032383","-35.714972260098"
"LOJA_NCG_SDWAN_YSSY","-20.479757123056","-54.625823852530"
"LOJA_LAU_SDWAN_YSSY","-12.887448457392","-38.318068806083"
"LOJA_NAS_SDWAN_YSSY","-5.8419546705505","-35.210973429447"
"LOJA_JUN_SDWAN_YSSY","-23.169237583772","-46.891407334938"
"LOJA_MAG_SDWAN_YSSY","-23.420179225217","-51.969653773345"
"LOJA_GOS_SDWAN_SEAL","-16.708186270062","-49.271993612124"
"LOJA_GOI_SDWAN_YSSY","-16.710045368584","-49.236546363692"
"LOJA_CPS_SDWAN_YSSY","-22.931758208112","-47.075871210143"
"LOJA_ITA_SDWAN_YSSY","-14.797280279403","-39.272836688865"
"LOJA_FIG_SDWAN_YSSY","-27.589886065047","-48.513959419816"
"LOJA_MOP_SDWAN_YSSY","-22.971148618250","-43.371796159863"
"LOJA_JUF_SDWAN_YSSY","-21.740444691645","-43.369916927361"
"LOJA_ISC_SDWAN_SEAL","-22.017296305862","-47.913812002774"
"LOJA_MIR_SDWAN_YSSY","-23.965824420401","-46.334104277027"
"LOJA_GOP_SDWAN_YSSY","-1.3901306161396","-48.464697265692"
"LOJA_LOD_SDWAN_YSSY","-23.311822437259","-51.146696405879"
"LOJA_CUI_SDWAN_YSSY","-15.587700329381","-56.111624063712"
"LOJA_JAR_SDWAN_SEAL","-21.784219464163","-48.201521177640"
"LOJA_MOC_SDWAN_YSSY","-23.579723517472","-46.594121804025"
"LOJA_MTW_SDWAN_SEAL","-23.631125116526","-46.737030367237"
"LOJA_MRL_SDWAN_YSSY","-22.186111300356","-49.966384248236"
"LOJA_RIM_SDWAN_SEAL","-8.0858946593765","-34.894244348467"
"LOJA_SCT_SDWAN_SEAL","-23.625917835418","-46.579991136554"
"LOJA_PSA_SDWAN_SEAL","-23.570594105855","-46.642437098481"
"LOJA_UBE_SDWAN_SEAL","-18.910459587184","-48.259965642765"
"LOJA_VIL_SDWAN_SEAL","-23.550761680633","-46.721020752457"
"LOJA_RIP_SDWAN_SEAL","-21.212609154020","-47.815138440867"
"LOJA_SIL_SDWAN_SEAL","-2.5271670742451","-44.254703888981"
"LOJA_SAT_SDWAN_SEAL","-23.482631434747","-46.643885462485"
"LOJA_SAV_SDWAN_SEAL","-19.940301740291","-43.933212573426"
"LOJA_SUN_SDWAN_SEAL","-22.957124134968","-43.176513990546"
"LOJA_TAM_SDWAN_SEAL","-23.504220537505","-46.833921450051"
"LOJA_NCR_SDWAN_SEAL","-28.685032870011","-49.332824322920"
"LOJA_ORJ_SDWAN_SEAL","-22.676274885789","-43.287893488705"
"LOJA_PHN_SDWAN_SEAL","-23.524979702627","-46.546458607722"
"LOJA_TBO_SDWAN_SEAL","-23.616452256186","-46.775072748201"
"LOJA_TAB_SDWAN_SEAL","-23.024165411613","-45.581240675203"
"LOJA_UNI_SDWAN_SEAL","-23.541152381249","-46.765984102178"
"LOJA_OIT_SDWAN_SEAL","-23.433030283091","-46.271988319370"
"LOJA_XAN_SDWAN_SEAL","-23.561259459587","-46.559936577037"
"LOJA_XBH_SDWAN_SEAL","-19.974478147042","-43.943234944590"
"LOJA_SPA_SDWAN_SEAL","-12.936018182711","-38.393936510337"
"LOJA_RIG_SDWAN_SEAL","-32.113928578130","-52.174814134457"
"LOJA_PPB_SDWAN_SEAL","-6.0917606843837","-49.855121514104"
"LOJA_VCS_SDWAN_SEAL","-21.571404828977","-45.448679285036"
"LOJA_VDA_SDWAN_SEAL","-19.496419867563","-42.564564081386"
"LOJA_SVC_SDWAN_SEAL","-14.877095455370","-40.817254929345"
"LOJA_VAL_SDWAN_SEAL","-16.078940711138","-47.984520209728"
"LOJA_XBU_SDWAN_SEAL","-1.4455314901209","-48.488261769946"
"LOJA_PNA_SDWAN_SEAL","-21.212119665080","-50.469324546411"
"LOJA_XAB_SDWAN_SEAL","-23.667653703166","-46.533115353743"
"LOJA_SIN_SDWAN_SEAL","-11.861498994035","-55.487136766175"
"LOJA_XBR_SDWAN_SEAL","-15.720861664894","-47.885042339129"
"LOJA_PPP_SDWAN_SEAL","-22.115681730045","-51.407203865427"
"LOJA_OFR_SDWAN_SEAL","-23.560337123882","-46.671457636556"
"LOJA_PAS_SDWAN_SEAL","-15.833220014570","-47.954268188848"
"LOJA_VIT_SDWAN_SEAL","-20.312184994613","-40.28713765253"
"LOJA_STA_SDWAN_SEAL","-23.598935126116","-46.636150784987"
"LOJA_XBG_SDWAN_SEAL","-25.435416733304","-49.317483611367"
"LOJA_XBA_SDWAN_SEAL","-22.997431128313","-43.357762023076"
"LOJA_XCA_SDWAN_SEAL","-22.892504406232","-47.026634602194"
"LOJA_SOC_SDWAN_SEAL","-23.529757773099","-47.450530665110"
"LOJA_OBR_SDWAN_SEAL","-16.120843259394","-48.398174594386"
"LOJA_SSO_SDWAN_SEAL","-23.535252224583","-46.771810871495"
"LOJA_NOS_SDWAN_SEAL","-22.750030407416","-42.62939999503"
"LOJA_RIS_SDWAN_SEAL","-9.3937529162925","-40.492290487088"
"LOJA_SAB_SDWAN_SEAL","-13.005656029478","-38.523207242867"
"LOJA_PFO_SDWAN_SEAL","-28.270959287038","-52.384535092809"
"LOJA_PEL_SDWAN_SEAL","-31.760636329460","-52.317400177357"
"LOJA_OSC_SDWAN_SEAL","-27.255162810106","-48.629551467139"
"LOJA_XBL_SDWAN_SEAL","-26.919695418675","-49.068138625379"
"LOJA_XBS_SDWAN_SEAL","-30.084586123305","-51.245033740625"
"LOJA_SJC_SDWAN_SEAL","-23.199544676023","-45.880916834717"
"LOJA_POC_SDWAN_SEAL","-21.777032311141","-46.599118342608"
"LOJA_POL_SDWAN_SEAL","-23.116096595803","-47.218948090542"
"LOJA_VLM_SDWAN_SEAL","-22.999143059171","-43.351173394241"
"LOJA_STM_SDWAN_SEAL","-29.316026214120","-52.453113649160"
"LOJA_PIR_SDWAN_SEAL","-22.703810129853","-47.649102542680"
"LOJA_OSV_SDWAN_SEAL","-12.824795557920","-38.266275201100"
"LOJA_PKL_SDWAN_SEAL","-22.873800302034","-42.035757519384"
"LOJA_STU_SDWAN_SEAL","-21.182328229275","-47.806890614440"
"LOJA_PON_SDWAN_SEAL","-3.0845162373895","-60.071686842954"
"LOJA_NOV_SDWAN_SEAL","-21.207015548719","-47.767423490588"
"LOJA_XBB_SDWAN_SEAL","-22.316295799769","-49.065792963574"
"LOJA_XCF_SDWAN_SEAL","-8.0369063932176","-34.912211198747"
"LOJA_XBC_SDWAN_SEAL","-26.992210374265","-48.645733050517"
"LOJA_XCD_SDWAN_SEAL","-10.182695312752","-48.347579219611"
"LOJA_OCC_SDWAN_SEAL","-25.444510455268","-49.567786502128"
"LOJA_PTO_SDWAN_SEAL","-7.9933291476966","-34.839536085254"
"LOJA_XAR_SDWAN_SEAL","-23.565795997589","-46.503084410128"
"LOJA_XBP_SDWAN_SEAL","-23.526005123242","-46.680756217520"
"LOJA_TLG_SDWAN_SEAL","-20.757719632958","-51.694309181359"
"LOJA_RID_SDWAN_SEAL","-23.001251213934","-43.38561933657"
"LOJA_PCG_SDWAN_SEAL","-22.927877961103","-43.573343785003"
"LOJA_RON_SDWAN_SEAL","-16.472194691407","-54.607355252610"
"LOJA_RPT_SDWAN_SEAL","-20.866192801044","-49.413972104089"
"LOJA_TIV_SDWAN_SEAL","-22.749376089922","-47.367084629185"
"LOJA_SNO_SDWAN_SEAL","-12.908263452647","-38.350496454515"
"LOJA_OSA_SDWAN_SEAL","-23.547400070068","-46.756645219367"
"LOJA_SAS_SDWAN_SEAL","-12.977531565355","-38.454789709777"
"LOJA_POA_SDWAN_SEAL","-30.025141282387","-51.162092594043"
"LOJA_SBP_SDWAN_SEAL","-23.722996600341","-46.544458850046"
"LOJA_PAP_SDWAN_YSSY","-23.570207871639","-46.660892190531"
"LOJA_PLA_SDWAN_SEAL","-23.619524868169","-46.626183659847"
"LOJA_PGR_SDWAN_SEAL","-23.997888455556","-46.406095081281"
"LOJA_ROR_SDWAN_SEAL","2.85064677058610","-60.705832171791"
"LOJA_SMC_SDWAN_SEAL","-16.741939002932","-43.869461285136"
"LOJA_XCG_SDWAN_SEAL","-20.458737343259","-54.587379746427"
"LOJA_NOR_SDWAN_SEAL","-26.863551169193","-49.091687254216"
"LOJA_WAL_SDWAN_SEAL","-30.011640181094","-51.160291642476"
"LOJA_PKS_SDWAN_SEAL","-22.521723888943","-44.079571155619"
"LOJA_TRZ_SDWAN_SEAL","-3.8624871291313","-38.470614425203"
"LOJA_NIG_SDWAN_SEAL","-22.762702974308","-43.464499044526"
"LOJA_XBO_SDWAN_SEAL","-19.920560838882","-43.919634505958"
"LOJA_QBR_SDWAN_YSSY","-15.786432677391","-47.888293408445"
"LOJA_VAV_SDWAN_YSSY","-20.351911113149","-40.296644320002"
"LOJA_SAN_SDWAN_YSSY","-23.976783426830","-46.310565531002"
"LOJA_OCT_SDWAN_SEAL","-23.420042484517","-47.162110658004"
"LOJA_VOL_SDWAN_YSSY","-23.595412063611","-46.686307062736"
"LOJA_OUT_SDWAN_YSSY","-23.108390667623","-47.009312592390"
"LOJA_PTP_SDWAN_SEAL","-22.512164720284","-43.176823944532"
"LOJA_RMK_SDWAN_YSSY","-3.7260614100648","-38.566497361989"
"LOJA_XAL_SDWAN_SEAL","-9.5591918127859","-35.744903433671"
"LOJA_SCL_SDWAN_SEAL","-25.319644071538","-51.421419090737"
"LOJA_TER_SDWAN_YSSY","-5.0770528600908","-42.800643977884"
"LOJA_SAL_SDWAN_YSSY","-12.981081276885","-38.464521950259"
"LOJA_POR_SDWAN_YSSY","-8.7478866906817","-63.875064842918"
"LOJA_SJV_SDWAN_YSSY","-23.216478738482","-45.891826323071"
"LOJA_TIE_SDWAN_YSSY","-23.506350247227","-46.717802486837"
"LOJA_SBV_SDWAN_YSSY","-12.969775850230","-38.474013431222"
"LOJA_TUC_SDWAN_YSSY","-23.480180395609","-46.602124759850"
"LOJA_TIJ_SDWAN_YSSY","-22.921839317790","-43.234343738979"
"LOJA_SPM_SDWAN_YSSY","-23.678467343394","-46.698030073339"
"LOJA_PAN_SDWAN_YSSY","-15.575445232046","-56.071936848370"
"LOJA_SLU_SDWAN_YSSY","-2.5105373008690","-44.285175938701"
"LOJA_WES_SDWAN_YSSY","-23.526988435227","-46.673368477598"
"LOJA_TEZ_SDWAN_YSSY","-5.0852468226097","-42.789847479172"
"LOJA_PRA_SDWAN_YSSY","-30.049423658299","-51.227627429954"
"LOJA_SOB_SDWAN_YSSY","-3.6969161661004","-40.347488550344"
"LOJA_TAG_SDWAN_YSSY","-15.841247357446","-48.043667280897"
"LOJA_REC_SDWAN_YSSY","-8.1189393789140","-34.904443598187"
"LOJA_PCA_SDWAN_YSSY","-29.915567288372","-51.164072727137"
"LOJA_TAC_SDWAN_YSSY","-8.0379398342483","-34.871114431279"
"LOJA_UBA_SDWAN_YSSY","-18.957184090835","-48.277281577143"
"LOJA_STB_SDWAN_YSSY","-15.803421012033","-47.939823719531"
"LOJA_XAG_SDWAN_SEAL","-23.420149690402","-51.969685959852"
"LOJA_POG_SDWAN_YSSY","-25.094413642205","-50.151299471454"
"LOJA_RIF_SDWAN_YSSY","-3.7416150828795","-38.469731977331"
"LOJA_SJP_SDWAN_YSSY","-25.538545227181","-49.203829654253"
"LOJA_XBT_SDWAN_SEAL","-25.442716335088","-49.290394878836"
"LOJA_PAT_SDWAN_YSSY","-15.795931348007","-47.891054237280"
"LOJA_PAL_SDWAN_YSSY","-25.477549582236","-49.290430090481"
"LOJA_QPT_SDWAN_YSSY","-23.570554771015","-46.642190335267"
"LOJA_NIT_SDWAN_YSSY","-22.896293459576","-43.123691069104"
"LOJA_PEM_SDWAN_YSSY","-9.6273100467326","-35.698423719617"
"LOJA_SRS_SDWAN_SEAL","-22.236283291915","-45.886493212008"
"LOJA_XBN_SDWAN_SEAL","-22.925122913880","-47.12687744637"
"LOJA_TAT_SDWAN_SEAL","-23.541603984200","-46.575930213824"
"LOJA_XAM_SDWAN_YSSY","-0.0084507232766","-51.079891769947"
"LOJA_XBM_SDWAN_YSSY","-22.368490799553","-46.952512013852"
"LOJA_XBK_SDWAN_YSSY","-16.324039857919","-48.948311773497"
"LOJA_XBI_SDWAN_YSSY","-23.516130861102","-46.854345231573"
"LOJA_OIM_SDWAN_YSSY","-23.758274167175","-46.588793124905"
"LOJA_XAC_SDWAN_YSSY","-9.6485815344459","-35.715101006123"
"LOJA_XBF_SDWAN_YSSY","-22.947266883379","-43.182400709584"
"LOJA_SCC_SDWAN_YSSY","-24.946362559940","-53.433664232825"
"LOJA_XAU_SDWAN_YSSY","-3.8797574154062","-38.621159635001"
"LOJA_XAI_SDWAN_YSSY","-23.966998702850","-46.383161334698"
"LOJA_XBZ_SDWAN_YSSY","-23.723094822924","-46.544104798478"
"LOJA_XGU_SDWAN_SEAL","-23.487981880670","-46.548646532862"
"LOJA_XLO_SDWAN_SEAL","-23.342409366170","-51.185204351903"
"QUIOSQUE_LCE_SDWAN_SEAL","-23.558144259277","-46.659100336556"
"LOJA_XDP_SDWAN_SEAL","-22.847447634483","-47.062514417537"
"LOJA_XSP_SDWAN_SEAL","-23.976832442054","-46.310629904014"
"LOJA_XEL_SDWAN_SEAL","-23.572389741018","-46.695632194226"
"LOJA_XMC_SDWAN_SEAL","-23.579703851421","-46.594272007720"
"LOJA_XPA_SDWAN_SEAL","-30.025178438739","-51.162103322879"
"LOJA_XJS_SDWAN_SEAL","-23.630209306444","-46.734704091089"
"LOJA_XGO_SDWAN_SEAL","-16.710158402126","-49.236664380882"
"LOJA_XGS_SDWAN_SEAL","-16.708175994182","-49.272208188832"
"LOJA_XFO_SDWAN_SEAL","-3.7558332803821","-38.489012309862"
"LOJA_XTA_SDWAN_SEAL","-23.541594148322","-46.575265026029"
"LOJA_XSC_SDWAN_SEAL","-23.625966983215","-46.579637084986"
"LOJA_XJA_SDWAN_SEAL","-22.955417854931","-43.333634170514"
"LOJA_XMO_SDWAN_SEAL","-23.623194672847","-46.698105642657"
"LOJA_XDI_SDWAN_SEAL","-19.927773266664","-43.946717458085"
"LOJA_XSS_SDWAN_SEAL","-12.977500200947","-38.454639506082"
"LOJA_XCM_SDWAN_SEAL","-25.423300939845","-49.269592902129"
"LOJA_XCN_SDWAN_SEAL","-23.515775322803","-46.617066273343"
"LOJA_XJO_SDWAN_SEAL","-26.253797100384","-48.852544603954"
"LOJA_XVI_SDWAN_SEAL","-20.312184994613","-40.287362958077"
"LOJA_XRF_SDWAN_SEAL","-3.7416257888466","-38.469957282874"
"LOJA_XPI_SDWAN_SEAL","-22.703879412227","-47.649231288705"
"LOJA_XPP_SDWAN_SEAL","-23.570554771015","-46.643016455593"
"LOJA_XCP_SDWAN_SEAL","-23.563433470626","-46.652161490531"
"LOJA_XGP_SDWAN_SEAL","-23.648405354126","-46.531916808509"
"LOJA_XGV_SDWAN_SEAL","-23.591979993554","-46.832187459847"
"LOJA_XMG_SDWAN_SEAL","-23.515574484694","-46.179374123063"
"LOJA_XPL_SDWAN_SEAL","-23.619505208085","-46.626269490530"
"LOJA_XJU_SDWAN_SEAL","-23.198999152675","-46.890032180742"
"LOJA_XTB_SDWAN_SEAL","-23.504200860160","-46.833835619368"
"LOJA_XPM_SDWAN_SEAL","-23.443474060499","-46.539120982584"
"LOJA_XSM_SDWAN_SEAL","-23.965824420401","-46.334275938393"
"LOJA_XPK_SDWAN_SEAL","-15.833209692786","-47.954429121379"
"LOJA_XPC_SDWAN_SEAL","-29.915567288372","-51.163547014203"
"LOJA_XME_SDWAN_SEAL","-23.463546386697","-45.101368572972"
"LOJA_XCX_SDWAN_SEAL","-29.175641434319","-51.220395032144"
"LOJA_XCV_SDWAN_SEAL","-23.199593982443","-45.880959750059"
"LOJA_XCJ_SDWAN_SEAL","-15.791095154143","-47.882791765556"
"LOJA_XJP_SDWAN_SEAL","-7.0986988473906","-34.84438481779"
"LOJA_XMB_SDWAN_SEAL","-22.971306667041","-43.371871261711"
"LOJA_XUB_SDWAN_SEAL","-18.910520485733","-48.260298236662"
"LOJA_XNS_SDWAN_SEAL","-5.8419973630090","-35.211091446637"
"LOJA_XUS_SDWAN_SEAL","-18.957173943914","-48.276777321879"
"LOJA_XNT_SDWAN_SEAL","-22.896332993638","-43.122993694803"
"LOJA_XMA_SDWAN_SEAL","-3.1035532479909","-60.012814371790"
"LOJA_XCS_SDWAN_SEAL","-27.614764963279","-48.646029951787"
"LOJA_XSV_SDWAN_SEAL","-19.940301740291","-43.933512980817"
"LOJA_XIA_SDWAN_SEAL","-23.504317712453","-46.848008151899"
"LOJA_XPB_SDWAN_SEAL","-29.270564929311","-47.124067556379"
"LOJA_XHG_SDWAN_SEAL","-23.542119103960","-46.657042384988"
"LOJA_XIS_SDWAN_SEAL","-23.528421188665","-47.441812390536"
"QUIOSQUE_LIG_SDWAN_SEAL","-23.576867580612","-46.687622575189"
"LOJA_XRI_SDWAN_SEAL","-21.212599152124","-47.815792899826"
"LOJA_XUA_SDWAN_SEAL","-19.766052021149","-47.950239888772"
"LOJA_XRD_SDWAN_SEAL","-23.001211710513","-43.385758811430"
"LOJA_XTG_SDWAN_SEAL","-15.841257678819","-48.043699467403"
"LOJA_XPE_SDWAN_SEAL","-9.6272465803131","-35.697887277847"
"LOJA_XGD_SDWAN_SEAL","-7.2345698204548","-35.869263638676"
"LOJA_XSL_SDWAN_SEAL","-2.5104622710999","-44.285283227055"
"LOJA_XCO_SDWAN_SEAL","-23.203609120445","-45.908570742108"
"LOJA_XSG_SDWAN_SEAL","-22.820920700362","-43.045738346373"
"LOJA_XNN_SDWAN_SEAL","-5.7575163229751","-35.245991104867"
"LOJA_XPO_SDWAN_SEAL","-31.760627207218","-52.317861517279"
"LOJA_XCL_SDWAN_SEAL","-24.950409954592","-53.476331502141"
"LOJA_XPG_SDWAN_SEAL","-23.997947264183","-46.406137996623"
"LOJA_XEC_SDWAN_SEAL","-15.589944834524","-56.120392296243"
"LOJA_XPV_SDWAN_SEAL","-8.7479927309526","-63.875215046613"
"LOJA_XSU_SDWAN_SEAL","-22.957143893126","-43.176674923077"
"LOJA_XRV_SDWAN_SEAL","-17.818390099526","-50.943242229293"
"LOJA_XPF_SDWAN_SEAL","-28.270930939812","-52.385007161566"
"QUIOSQUE_HAM_SDWAN_YSSY","-23.418475203016","-51.931765894790"
"LOJA_XCT_SDWAN_SEAL","-23.419983414818","-47.161853165954"
"LOJA_XSB_SDWAN_SEAL","-12.981060367578","-38.464403933069"
"LOJA_XPD_SDWAN_SEAL","-25.477636751690","-49.29025842911"
"LOJA_XRU_SDWAN_SEAL","-22.341766510740","-49.049418265421"
"LOJA_XIG_SDWAN_SEAL","-27.589943117892","-48.514173996524"
"LOJA_XNJ_SDWAN_SEAL","-3.7644859052366","-38.574072133154"
"LOJA_XNF_SDWAN_SEAL","-3.7348544813180","-38.565333129458"
"LOJA_XSR_SDWAN_YSSY","-8.1188968937077","-34.903992987101"
"LOJA_XOP_SDWAN_SEAL","-1.3901198904614","-48.464718723362"
"LOJA_XIL_SDWAN_SEAL","-2.5272313846511","-44.254703888981"
"LOJA_XVL_SDWAN_YSSY","-23.550712504660","-46.721632296075"
"LOJA_XRP_SDWAN_SEAL","-5.0770207998634","-42.800525960695"
"QUIOSQUE_HBT_SDWAN_YSSY","-23.538925370583","-46.575751584988"
"LOJA_XOS_SDWAN_SEAL","-23.547468918161","-46.756205337116"
"LOJA_XSZ_SDWAN_YSSY","-23.542949742235","-46.317996709569"
"LOJA_XRR_SDWAN_YSSY","-8.0858309263326","-34.893868839228"
"QUIOSQUE_QDO_SDWAN_SEAL","-22.847417973264","-47.062460773360"
"LOJA_XMM_SDWAN_SEAL","-5.8111159149773","-35.205816508003"
"LOJA_XIE_SDWAN_SEAL","-23.506389601272","-46.717351875750"
"LOJA_XCR_SDWAN_SEAL","-8.2945988928837","-35.950958700593"
"LOJA_XPN_SDWAN_SEAL","-15.575393557797","-56.071915390700"
"LOJA_XDR_SDWAN_SEAL","-19.890353805384","-43.96699344884"
"LOJA_XDF_SDWAN_SEAL","-15.809657054995","-48.093185815835"
"LOJA_XQB _SDWAN_SEAL","-15.786453325730","-47.888475798647"
"LOJA_XDM_SDWAN_SEAL","-23.691063727462","-46.622446818914"
"LOJA_XSO_SDWAN_SEAL","-23.535291569989","-46.771961075190"
"LOJA_XFZ_SDWAN_SEAL","-25.532610547998","-54.574545235216"
"LOJA_XLI_SDWAN_SEAL","-23.650370252089","-46.756388598479"
"QUIOSQUE_QCN_SDWAN_SEAL","-23.515844187446","-46.616572746915"
"LOJA_XTU_SDWAN_SEAL","-23.024027173071","-45.581229946368"
"LOJA_XVS_SDWAN_SEAL","-23.216468878445","-45.891643932869"
"LOJA_XNO_SDWAN_SEAL","-22.886096268203","-43.282888421231"
"LOJA_XGC_SDWAN_SEAL","-2.4912410357547","-44.262859585286"
"LOJA_XVC_SDWAN_SEAL","-21.571394851588","-45.448915319415"
"LOJA_XJC_SDWAN_SEAL","-25.427587934864","-49.213790587346"
"LOJA_XTJ_SDWAN_SEAL","-26.904026059836","-48.659331688594"
"LOJA_XER_SDWAN_SEAL","-25.437995070071","-49.266464894737"
"LOJA_XFR_SDWAN_SEAL","-20.547408994153","-47.415962748833"
"LOJA_XID_SDWAN_SEAL","-21.780698207436","-43.359793317562"
"LOJA_XSA_SDWAN_SEAL","-1.3852200304062","-48.408649600630"
"LOJA_XMU_SDWAN_SEAL","-23.750493234682","-53.270929934703"
"LOJA_XPY_SDWAN_YSSY","-22.830361724875","-47.265592475208"
"LOJA_XPU_SDWAN_YSSY","-16.629931343101","-49.277831696225"
"LOJA_XFS_SDWAN_YSSY","-12.241223114546","-38.94830375396"
"LOJA_XIN_SDWAN_YSSY","-23.674536238371","-46.67670752361"
"LOJA_XMI_SDWAN_YSSY","-12.711080567451","-38.304792861909"
"LOJA_XUN_SDWAN_YSSY","-23.541250740330","-46.766209407721"
"LOJA_XRN_SDWAN_YSSY","-2.5336233671967","-44.224343692677"
"LOJA_XNA_SDWAN_YSSY","-21.212039649633","-50.469185071550"
"LOJA_XST_SDWAN_YSSY","-23.598826978635","-46.636461921213"
"LOJA_XMK_SDWAN_YSSY","-23.678516471453","-46.697751123619"
"LOJA_XCI_SDWAN_YSSY","-7.2231754811332","-39.324318640524"
"LOJA_XTR_SDWAN_YSSY","-8.0379398342483","-34.87085693922"
"LOJA_XPR_SDWAN_YSSY","-3.7755602240529","-38.561667609862"
"QUIOSQUE_QBE_SDWAN_SEAL","-1.4454671375911","-48.488669465691"
"LOJA_XTZ_SDWAN_YSSY","-23.263831961450","-47.280058017526"
"LOJA_XTS_SDWAN_YSSY","-15.612208657100","-56.073051087003"
"LOJA_XSK_SDWAN_YSSY","-3.0300934617496","-59.977060849057"
"LOJA_XNP_SDWAN_YSSY","-11.861540993017","-55.487855598146"
"LOJA_XPH_SDWAN_YSSY","-23.525087910912","-46.546254759849"
"LOJA_XTE_SDWAN_YSSY","-15.803431335338","-47.939888092544"
"LOJA_XMP_SDWAN_YSSY","-23.664103791650","-46.460406997920"
"LOJA_XTQ_SDWAN_YSSY","-23.540414539393","-46.469870727318"
"LOJA_XSD_SDWAN_YSSY","-22.516571571345","-44.106124186861"
"LOJA_XGA_SDWAN_YSSY","-22.970008963471","-46.567542285003"
"LOJA_XVT_SDWAN_YSSY","-14.877116193754","-40.817533879065"
"LOJA_XPT_SDWAN_YSSY","-25.094569100390","-50.151396030973"
"LOJA_XTC_SDWAN_YSSY","-27.585057701056","-48.61342637138"
"LOJA_XVZ_SDWAN_YSSY","-15.652620358741","-56.122335948369"
"LOJA_XNC_SDWAN_YSSY","-23.445060275766","-46.722820734711"
"LOJA_XSJ_SDWAN_YSSY","-25.538564588340","-49.203936942607"
"LOJA_XLB_SDWAN_YSSY","-22.982302466228","-43.216042354319"
"LOJA_XFC_SDWAN_YSSY","-23.553841444755","-46.652267607721"
"LOJA_XNE_SDWAN_YSSY","-23.496239572143","-47.460156171496"
"LOJA_XNG_SDWAN_YSSY","-22.878550392016","-43.466104105890"
"LOJA_XGQ_SDWAN_YSSY","-23.683374000129","-46.556389537112"
"LOJA_XTO_SDWAN_YSSY","-23.616521068069","-46.774622137114"
"LOJA_XRA_SDWAN_YSSY","-10.944500348015","-37.047199694462"
"LOJA_XMT_SDWAN_YSSY","-16.742000647287","-43.869160877745"
"LOJA_XEM_SDWAN_YSSY","-1.4576714673494","-48.493226868658"
"LOJA_XND_SDWAN_YSSY","-23.116175535227","-47.218991005884"
"LOJA_XIB_SDWAN_SEAL","-23.610010810129","-46.666107061694"
"LOJA_XPQ_SDWAN_YSSY","-1.3695772782198","-48.445833699341"
"LOJA_XGB_SDWAN_YSSY","-15.587731332075","-56.111248554473"
"LOJA_XTV_SDWAN_YSSY","-22.749326618973","-47.367470867259"
"LOJA_XRB_SDWAN_YSSY","-5.3568278550860","-49.084935495631"
"LOJA_XLN_SDWAN_YSSY","-23.285830616260","-51.150995545073"
"LOJA_XLM_SDWAN_YSSY","-22.570709987548","-47.407166671518"
"LOJA_XCH_SDWAN_YSSY","-27.069796045758","-52.625641161601"
"LOJA_XTT_SDWAN_YSSY","-23.584239423220","-46.724483417518"
"LOJA_XAP_SDWAN_YSSY","-23.407858516128","-46.855942063547"
"LOJA_XPZ_SDWAN_YSSY","-15.795900376946","-47.891708696239"
"LOJA_XVV_SDWAN_YSSY","-20.351870876825","-40.297212948278"
"LOJA_XGR_SDWAN_YSSY","-8.1681765919692","-34.918716377302"
"LOJA_XAV_SDWAN_YSSY","-13.005561946896","-38.523421819575"
"LOJA_XCC_SDWAN_YSSY","-22.931758208112","-47.076064329180"
"LOJA_XGL_SDWAN_YSSY","-22.863337490620","-47.02232607946"
"LOJA_XIC_SDWAN_YSSY","-22.017296305862","-47.914734682618"
"LOJA_XIJ_SDWAN_YSSY","-20.866363229059","-49.413864815735"
"LOJA_XLA_SDWAN_YSSY","-12.936091378515","-38.394505138613"
"LOJA_XMS_SDWAN_YSSY","-19.872848782632","-43.924348103102"
"LOJA_XOR_SDWAN_YSSY","-23.237510818806","-45.896959294794"
"LOJA_XSN_SDWAN_YSSY","-23.482651094166","-46.644228788685"
"LOJA_XTI_SDWAN_YSSY","-5.0852361360032","-42.78925739322"
"LOJA_AGU_SDWAN_YSSY","-16.629941623184","-49.277520559998"
